样本路径,视角,控制稿版本,风格,陈设,机位,通路,提示词来源,对照类型,错配机位,对照物,对照物路径,v2,v3原位,v3配准,dx,dy,sx,sy,线像素,v3进分母,备注,耗时s
_iteration/run-2026-09-05-opening-kind-realism/cam-room-主卧-seed1.png,室内,16洞控制稿,modern-minimal,无陈设,cam-room-主卧,万相doodle经网关,imagegen模板,正常,,line,_iteration/run-2026-09-05-opening-kind-consume/cam-room-主卧/line.png,0.0534,0.2351,0.4036,14,4,1.0,1.0,14065,14065,,6.0
_iteration/run-2026-09-05-opening-kind-realism/cam-room-主卧-seed1.png,室内,16洞控制稿,modern-minimal,无陈设,cam-room-主卧,万相doodle经网关,imagegen模板,错配,cam-room-书房,line,_iteration/run-2026-09-05-opening-kind-consume/cam-room-书房/line.png,0.0147,0.0135,0.0339,-15,-6,1.0,1.0,10476,10476,,3.9
_iteration/run-2026-09-05-opening-kind-realism/cam-room-主卧-seed1.png,室内,16洞控制稿,modern-minimal,无陈设,cam-room-主卧,万相doodle经网关,imagegen模板,转90,,line,_iteration/run-2026-09-05-opening-kind-consume/cam-room-主卧/line.png,0.0204,0.0229,0.0666,7,-24,1.0,1.0,13379,13379,,4.4
_iteration/run-2026-09-05-opening-kind-realism/cam-room-主卧-seed1.png,室内,16洞控制稿,modern-minimal,无陈设,cam-room-主卧,万相doodle经网关,imagegen模板,正常,,sketch,_iteration/run-2026-09-05-opening-kind-consume/cam-room-主卧/sketch.png,0.3084,0.4111,0.6295,11,0,1.0,1.0,9828,9828,,4.6
_iteration/run-2026-09-05-opening-kind-realism/cam-room-主卧-seed1.png,室内,16洞控制稿,modern-minimal,无陈设,cam-room-主卧,万相doodle经网关,imagegen模板,错配,cam-room-书房,sketch,_iteration/run-2026-09-05-opening-kind-consume/cam-room-书房/sketch.png,0.0155,0.0148,0.0737,-15,-7,1.0,1.0,10503,10501,,5.4
_iteration/run-2026-09-05-opening-kind-realism/cam-room-主卧-seed1.png,室内,16洞控制稿,modern-minimal,无陈设,cam-room-主卧,万相doodle经网关,imagegen模板,转90,,sketch,_iteration/run-2026-09-05-opening-kind-consume/cam-room-主卧/sketch.png,0.0093,0.0171,0.06,23,-19,1.0,1.0,9512,9512,,4.5
_iteration/run-2026-09-05-opening-kind-realism/cam-room-主卧-seed2.png,室内,16洞控制稿,modern-minimal,无陈设,cam-room-主卧,万相doodle经网关,imagegen模板,正常,,line,_iteration/run-2026-09-05-opening-kind-consume/cam-room-主卧/line.png,0.1631,0.3263,0.377,3,3,1.0,1.0,14065,14065,,6.1
_iteration/run-2026-09-05-opening-kind-realism/cam-room-主卧-seed2.png,室内,16洞控制稿,modern-minimal,无陈设,cam-room-主卧,万相doodle经网关,imagegen模板,正常,,sketch,_iteration/run-2026-09-05-opening-kind-consume/cam-room-主卧/sketch.png,0.4943,0.6609,0.6785,2,2,1.0,1.0,9828,9828,,4.7
_iteration/run-2026-09-05-opening-kind-realism/cam-room-主卧-seed3.png,室内,16洞控制稿,modern-minimal,无陈设,cam-room-主卧,万相doodle经网关,imagegen模板,正常,,line,_iteration/run-2026-09-05-opening-kind-consume/cam-room-主卧/line.png,0.1091,0.2328,0.3536,8,5,1.0,1.0,14065,14065,,5.9
_iteration/run-2026-09-05-opening-kind-realism/cam-room-主卧-seed3.png,室内,16洞控制稿,modern-minimal,无陈设,cam-room-主卧,万相doodle经网关,imagegen模板,正常,,sketch,_iteration/run-2026-09-05-opening-kind-consume/cam-room-主卧/sketch.png,0.3806,0.3888,0.605,7,0,1.0,1.0,9828,9828,,4.3
_iteration/run-2026-09-05-opening-kind-realism/cam-room-书房-seed1.png,室内,16洞控制稿,modern-minimal,无陈设,cam-room-书房,万相doodle经网关,imagegen模板,正常,,line,_iteration/run-2026-09-05-opening-kind-consume/cam-room-书房/line.png,0.2791,0.6074,0.6768,2,3,1.0,1.0,10476,10476,,4.8
_iteration/run-2026-09-05-opening-kind-realism/cam-room-书房-seed1.png,室内,16洞控制稿,modern-minimal,无陈设,cam-room-书房,万相doodle经网关,imagegen模板,正常,,sketch,_iteration/run-2026-09-05-opening-kind-consume/cam-room-书房/sketch.png,0.3529,0.8214,0.8452,1,1,1.0,1.0,10503,10501,,4.4
_iteration/run-2026-09-05-opening-kind-realism/cam-room-书房-seed2.png,室内,16洞控制稿,modern-minimal,无陈设,cam-room-书房,万相doodle经网关,imagegen模板,正常,,line,_iteration/run-2026-09-05-opening-kind-consume/cam-room-书房/line.png,0.4106,0.6491,0.6684,1,0,1.0,1.0,10476,10476,,4.8
_iteration/run-2026-09-05-opening-kind-realism/cam-room-书房-seed2.png,室内,16洞控制稿,modern-minimal,无陈设,cam-room-书房,万相doodle经网关,imagegen模板,正常,,sketch,_iteration/run-2026-09-05-opening-kind-consume/cam-room-书房/sketch.png,0.5314,0.8743,0.8915,2,0,1.0,1.0,10503,10501,,4.7
_iteration/run-2026-09-05-opening-kind-realism/cam-room-书房-seed3.png,室内,16洞控制稿,modern-minimal,无陈设,cam-room-书房,万相doodle经网关,imagegen模板,正常,,line,_iteration/run-2026-09-05-opening-kind-consume/cam-room-书房/line.png,0.4002,0.6818,0.6931,0,4,1.0,1.0,10476,10476,,5.0
_iteration/run-2026-09-05-opening-kind-realism/cam-room-书房-seed3.png,室内,16洞控制稿,modern-minimal,无陈设,cam-room-书房,万相doodle经网关,imagegen模板,正常,,sketch,_iteration/run-2026-09-05-opening-kind-consume/cam-room-书房/sketch.png,0.5273,0.6995,0.7687,-1,2,1.0,1.0,10503,10501,,4.7
_iteration/run-2026-09-05-opening-kind-realism/cam-room-客厅-seed1.png,室内,16洞控制稿,modern-minimal,无陈设,cam-room-客厅,万相doodle经网关,imagegen模板,正常,,line,_iteration/run-2026-09-05-opening-kind-consume/cam-room-客厅/line.png,0.1065,0.2116,0.2347,3,0,1.0,1.0,20604,20604,,9.4
_iteration/run-2026-09-05-opening-kind-realism/cam-room-客厅-seed1.png,室内,16洞控制稿,modern-minimal,无陈设,cam-room-客厅,万相doodle经网关,imagegen模板,错配,cam-room-主卧,line,_iteration/run-2026-09-05-opening-kind-consume/cam-room-主卧/line.png,0.0249,0.0554,0.1663,-8,10,1.0,1.0,14065,14065,,5.6
_iteration/run-2026-09-05-opening-kind-realism/cam-room-客厅-seed1.png,室内,16洞控制稿,modern-minimal,无陈设,cam-room-客厅,万相doodle经网关,imagegen模板,转90,,line,_iteration/run-2026-09-05-opening-kind-consume/cam-room-客厅/line.png,0.0154,0.0222,0.0263,-3,1,1.0,1.0,15605,15604,,7.1
_iteration/run-2026-09-05-opening-kind-realism/cam-room-客厅-seed1.png,室内,16洞控制稿,modern-minimal,无陈设,cam-room-客厅,万相doodle经网关,imagegen模板,正常,,sketch,_iteration/run-2026-09-05-opening-kind-consume/cam-room-客厅/sketch.png,0.2898,0.6148,0.6582,3,-1,1.0,1.0,8839,8839,,4.4
_iteration/run-2026-09-05-opening-kind-realism/cam-room-客厅-seed1.png,室内,16洞控制稿,modern-minimal,无陈设,cam-room-客厅,万相doodle经网关,imagegen模板,错配,cam-room-主卧,sketch,_iteration/run-2026-09-05-opening-kind-consume/cam-room-主卧/sketch.png,0.1365,0.1045,0.361,-9,10,1.0,1.0,9828,9828,,4.4
_iteration/run-2026-09-05-opening-kind-realism/cam-room-客厅-seed1.png,室内,16洞控制稿,modern-minimal,无陈设,cam-room-客厅,万相doodle经网关,imagegen模板,转90,,sketch,_iteration/run-2026-09-05-opening-kind-consume/cam-room-客厅/sketch.png,0.0287,0.0256,0.0347,-5,1,1.0,1.0,7606,7606,,3.6
_iteration/run-2026-09-05-opening-kind-realism/cam-room-客厅-seed2.png,室内,16洞控制稿,modern-minimal,无陈设,cam-room-客厅,万相doodle经网关,imagegen模板,正常,,line,_iteration/run-2026-09-05-opening-kind-consume/cam-room-客厅/line.png,0.0937,0.2252,0.239,2,-2,1.0,1.0,20604,20604,,9.6
_iteration/run-2026-09-05-opening-kind-realism/cam-room-客厅-seed2.png,室内,16洞控制稿,modern-minimal,无陈设,cam-room-客厅,万相doodle经网关,imagegen模板,正常,,sketch,_iteration/run-2026-09-05-opening-kind-consume/cam-room-客厅/sketch.png,0.4363,0.6744,0.6907,2,-1,1.0,1.0,8839,8839,,4.2
_iteration/run-2026-09-05-opening-kind-realism/cam-room-客厅-seed3.png,室内,16洞控制稿,modern-minimal,无陈设,cam-room-客厅,万相doodle经网关,imagegen模板,正常,,line,_iteration/run-2026-09-05-opening-kind-consume/cam-room-客厅/line.png,0.1243,0.3347,0.3408,1,2,1.0,1.0,20604,20604,,9.9
_iteration/run-2026-09-05-opening-kind-realism/cam-room-客厅-seed3.png,室内,16洞控制稿,modern-minimal,无陈设,cam-room-客厅,万相doodle经网关,imagegen模板,正常,,sketch,_iteration/run-2026-09-05-opening-kind-consume/cam-room-客厅/sketch.png,0.4912,0.8139,0.8232,1,2,1.0,1.0,8839,8839,,4.2
_iteration/run-2026-09-05-realism-styles/cam-room-主卧-cream-warm-seed1.png,室内,19洞控制稿,cream-warm,无陈设,cam-room-主卧,万相doodle经网关,imagegen模板,正常,,line,_iteration/run-2026-09-05-control-sketch/cam-room-主卧/line.png,0.2905,0.4371,0.4529,1,2,1.0,1.0,14878,14878,,7.4
_iteration/run-2026-09-05-realism-styles/cam-room-主卧-cream-warm-seed1.png,室内,19洞控制稿,cream-warm,无陈设,cam-room-主卧,万相doodle经网关,imagegen模板,错配,cam-room-客厅,line,_iteration/run-2026-09-05-control-sketch/cam-room-客厅/line.png,0.0246,0.0429,0.0536,-4,19,1.0,1.0,24978,24978,,13.1
_iteration/run-2026-09-05-realism-styles/cam-room-主卧-cream-warm-seed1.png,室内,19洞控制稿,cream-warm,无陈设,cam-room-主卧,万相doodle经网关,imagegen模板,转90,,line,_iteration/run-2026-09-05-control-sketch/cam-room-主卧/line.png,0.0277,0.0258,0.0619,24,24,1.0,1.0,12754,12754,,5.5
_iteration/run-2026-09-05-realism-styles/cam-room-主卧-cream-warm-seed1.png,室内,19洞控制稿,cream-warm,无陈设,cam-room-主卧,万相doodle经网关,imagegen模板,正常,,sketch,_iteration/run-2026-09-05-control-sketch/cam-room-主卧/sketch.png,0.5388,0.6122,0.6717,1,1,1.0,1.0,11028,11028,,4.8
_iteration/run-2026-09-05-realism-styles/cam-room-主卧-cream-warm-seed1.png,室内,19洞控制稿,cream-warm,无陈设,cam-room-主卧,万相doodle经网关,imagegen模板,错配,cam-room-客厅,sketch,_iteration/run-2026-09-05-control-sketch/cam-room-客厅/sketch.png,0.0808,0.0613,0.0895,-4,18,1.0,1.0,15066,15065,,7.9
_iteration/run-2026-09-05-realism-styles/cam-room-主卧-cream-warm-seed1.png,室内,19洞控制稿,cream-warm,无陈设,cam-room-主卧,万相doodle经网关,imagegen模板,转90,,sketch,_iteration/run-2026-09-05-control-sketch/cam-room-主卧/sketch.png,0.0352,0.0364,0.0697,-22,22,1.0,1.0,9662,9662,,5.0
_iteration/run-2026-09-05-control-sketch-realism/cam-room-主卧-seed1.png,室内,19洞控制稿,modern-minimal,无陈设,cam-room-主卧,万相doodle经网关,imagegen模板,正常,,line,_iteration/run-2026-09-05-control-sketch/cam-room-主卧/line.png,0.2634,0.4015,0.4104,0,-1,1.0,1.0,14878,14878,,7.0
_iteration/run-2026-09-05-control-sketch-realism/cam-room-主卧-seed1.png,室内,19洞控制稿,modern-minimal,无陈设,cam-room-主卧,万相doodle经网关,imagegen模板,错配,cam-room-客厅,line,_iteration/run-2026-09-05-control-sketch/cam-room-客厅/line.png,0.0159,0.0331,0.0446,-3,24,1.0,1.0,24978,24978,,12.7
_iteration/run-2026-09-05-control-sketch-realism/cam-room-主卧-seed1.png,室内,19洞控制稿,modern-minimal,无陈设,cam-room-主卧,万相doodle经网关,imagegen模板,转90,,line,_iteration/run-2026-09-05-control-sketch/cam-room-主卧/line.png,0.0328,0.0267,0.0499,24,18,1.0,1.0,12754,12754,,6.0
_iteration/run-2026-09-05-control-sketch-realism/cam-room-主卧-seed1.png,室内,19洞控制稿,modern-minimal,无陈设,cam-room-主卧,万相doodle经网关,imagegen模板,正常,,sketch,_iteration/run-2026-09-05-control-sketch/cam-room-主卧/sketch.png,0.5547,0.5883,0.5976,0,-2,1.0,1.0,11028,11028,,5.0
_iteration/run-2026-09-05-control-sketch-realism/cam-room-主卧-seed1.png,室内,19洞控制稿,modern-minimal,无陈设,cam-room-主卧,万相doodle经网关,imagegen模板,错配,cam-room-客厅,sketch,_iteration/run-2026-09-05-control-sketch/cam-room-客厅/sketch.png,0.0587,0.0425,0.0732,8,20,1.0,1.0,15066,15065,,8.0
_iteration/run-2026-09-05-control-sketch-realism/cam-room-主卧-seed1.png,室内,19洞控制稿,modern-minimal,无陈设,cam-room-主卧,万相doodle经网关,imagegen模板,转90,,sketch,_iteration/run-2026-09-05-control-sketch/cam-room-主卧/sketch.png,0.021,0.0217,0.0431,-22,17,1.0,1.0,9662,9662,,4.1
_iteration/run-2026-09-05-control-sketch-realism/cam-room-主卧-seed2.png,室内,19洞控制稿,modern-minimal,无陈设,cam-room-主卧,万相doodle经网关,imagegen模板,正常,,line,_iteration/run-2026-09-05-control-sketch/cam-room-主卧/line.png,0.253,0.4257,0.4257,0,0,1.0,1.0,14878,14878,,7.1
_iteration/run-2026-09-05-control-sketch-realism/cam-room-主卧-seed2.png,室内,19洞控制稿,modern-minimal,无陈设,cam-room-主卧,万相doodle经网关,imagegen模板,正常,,sketch,_iteration/run-2026-09-05-control-sketch/cam-room-主卧/sketch.png,0.4846,0.7172,0.7188,0,1,1.0,1.0,11028,11028,,4.9
_iteration/run-2026-09-05-control-sketch-realism/cam-room-主卧-seed3.png,室内,19洞控制稿,modern-minimal,无陈设,cam-room-主卧,万相doodle经网关,imagegen模板,正常,,line,_iteration/run-2026-09-05-control-sketch/cam-room-主卧/line.png,0.1789,0.4192,0.4519,1,1,1.0,1.0,14878,14878,,6.8
_iteration/run-2026-09-05-control-sketch-realism/cam-room-主卧-seed3.png,室内,19洞控制稿,modern-minimal,无陈设,cam-room-主卧,万相doodle经网关,imagegen模板,正常,,sketch,_iteration/run-2026-09-05-control-sketch/cam-room-主卧/sketch.png,0.5061,0.7445,0.7627,1,1,1.0,1.0,11028,11028,,4.8
_iteration/run-2026-09-05-control-sketch-realism/cam-room-书房-seed1.png,室内,19洞控制稿,modern-minimal,无陈设,cam-room-书房,万相doodle经网关,imagegen模板,正常,,line,_iteration/run-2026-09-05-control-sketch/cam-room-书房/line.png,0.227,0.5099,0.5494,1,1,1.0,1.0,12349,12349,,5.7
_iteration/run-2026-09-05-control-sketch-realism/cam-room-书房-seed1.png,室内,19洞控制稿,modern-minimal,无陈设,cam-room-书房,万相doodle经网关,imagegen模板,正常,,sketch,_iteration/run-2026-09-05-control-sketch/cam-room-书房/sketch.png,0.5027,0.6245,0.6337,1,1,1.0,1.0,12748,12744,,5.4
_iteration/run-2026-09-05-control-sketch-realism/cam-room-书房-seed2.png,室内,19洞控制稿,modern-minimal,无陈设,cam-room-书房,万相doodle经网关,imagegen模板,正常,,line,_iteration/run-2026-09-05-control-sketch/cam-room-书房/line.png,0.376,0.6788,0.6988,1,1,1.0,1.0,12349,12349,,5.2
_iteration/run-2026-09-05-control-sketch-realism/cam-room-书房-seed2.png,室内,19洞控制稿,modern-minimal,无陈设,cam-room-书房,万相doodle经网关,imagegen模板,正常,,sketch,_iteration/run-2026-09-05-control-sketch/cam-room-书房/sketch.png,0.4423,0.8694,0.8696,0,1,1.0,1.0,12748,12744,,5.8
_iteration/run-2026-09-05-control-sketch-realism/cam-room-书房-seed3.png,室内,19洞控制稿,modern-minimal,无陈设,cam-room-书房,万相doodle经网关,imagegen模板,正常,,line,_iteration/run-2026-09-05-control-sketch/cam-room-书房/line.png,0.407,0.6246,0.6557,2,3,1.0,1.0,12349,12349,,5.8
_iteration/run-2026-09-05-control-sketch-realism/cam-room-书房-seed3.png,室内,19洞控制稿,modern-minimal,无陈设,cam-room-书房,万相doodle经网关,imagegen模板,正常,,sketch,_iteration/run-2026-09-05-control-sketch/cam-room-书房/sketch.png,0.5116,0.8225,0.8405,1,2,1.0,1.0,12748,12744,,5.7
_iteration/run-2026-09-05-control-sketch-realism/cam-room-客厅-seed1.png,室内,19洞控制稿,modern-minimal,无陈设,cam-room-客厅,万相doodle经网关,imagegen模板,正常,,line,_iteration/run-2026-09-05-control-sketch/cam-room-客厅/line.png,0.1427,0.3082,0.3409,2,2,1.0,1.0,24978,24978,,12.0
_iteration/run-2026-09-05-control-sketch-realism/cam-room-客厅-seed1.png,室内,19洞控制稿,modern-minimal,无陈设,cam-room-客厅,万相doodle经网关,imagegen模板,错配,cam-room-主卧,line,_iteration/run-2026-09-05-control-sketch/cam-room-主卧/line.png,0.0124,0.0227,0.0788,-7,21,1.0,1.0,14878,14878,,8.3
_iteration/run-2026-09-05-control-sketch-realism/cam-room-客厅-seed1.png,室内,19洞控制稿,modern-minimal,无陈设,cam-room-客厅,万相doodle经网关,imagegen模板,转90,,line,_iteration/run-2026-09-05-control-sketch/cam-room-客厅/line.png,0.0157,0.0248,0.027,9,23,1.0,1.0,22099,22099,,11.2
_iteration/run-2026-09-05-control-sketch-realism/cam-room-客厅-seed1.png,室内,19洞控制稿,modern-minimal,无陈设,cam-room-客厅,万相doodle经网关,imagegen模板,正常,,sketch,_iteration/run-2026-09-05-control-sketch/cam-room-客厅/sketch.png,0.6175,0.7229,0.7615,1,0,1.0,1.0,15066,15065,,7.0
_iteration/run-2026-09-05-control-sketch-realism/cam-room-客厅-seed1.png,室内,19洞控制稿,modern-minimal,无陈设,cam-room-客厅,万相doodle经网关,imagegen模板,错配,cam-room-主卧,sketch,_iteration/run-2026-09-05-control-sketch/cam-room-主卧/sketch.png,0.0275,0.0265,0.1357,-8,10,1.0,1.0,11028,11028,,4.8
_iteration/run-2026-09-05-control-sketch-realism/cam-room-客厅-seed1.png,室内,19洞控制稿,modern-minimal,无陈设,cam-room-客厅,万相doodle经网关,imagegen模板,转90,,sketch,_iteration/run-2026-09-05-control-sketch/cam-room-客厅/sketch.png,0.0268,0.03,0.0354,-2,6,1.0,1.0,11576,11575,,5.5
_iteration/run-2026-09-05-control-sketch-realism/cam-room-客厅-seed2.png,室内,19洞控制稿,modern-minimal,无陈设,cam-room-客厅,万相doodle经网关,imagegen模板,正常,,line,_iteration/run-2026-09-05-control-sketch/cam-room-客厅/line.png,0.1555,0.354,0.3713,1,1,1.0,1.0,24978,24978,,12.2
_iteration/run-2026-09-05-control-sketch-realism/cam-room-客厅-seed2.png,室内,19洞控制稿,modern-minimal,无陈设,cam-room-客厅,万相doodle经网关,imagegen模板,正常,,sketch,_iteration/run-2026-09-05-control-sketch/cam-room-客厅/sketch.png,0.6227,0.7772,0.7872,1,0,1.0,1.0,15066,15065,,7.1
_iteration/run-2026-09-05-control-sketch-realism/cam-room-客厅-seed3.png,室内,19洞控制稿,modern-minimal,无陈设,cam-room-客厅,万相doodle经网关,imagegen模板,正常,,line,_iteration/run-2026-09-05-control-sketch/cam-room-客厅/line.png,0.1932,0.3762,0.3861,0,2,1.0,1.0,24978,24978,,11.7
_iteration/run-2026-09-05-control-sketch-realism/cam-room-客厅-seed3.png,室内,19洞控制稿,modern-minimal,无陈设,cam-room-客厅,万相doodle经网关,imagegen模板,正常,,sketch,_iteration/run-2026-09-05-control-sketch/cam-room-客厅/sketch.png,0.5638,0.7332,0.7952,1,2,1.0,1.0,15066,15065,,7.2
_iteration/run-2026-09-05-control-sketch-realism/cam-room-次卧-seed1.png,室内,19洞控制稿,modern-minimal,无陈设,cam-room-次卧,万相doodle经网关,imagegen模板,正常,,line,_iteration/run-2026-09-05-control-sketch/cam-room-次卧/line.png,0.3057,0.4869,0.4997,2,1,1.0,1.0,12722,12722,,5.6
_iteration/run-2026-09-05-control-sketch-realism/cam-room-次卧-seed1.png,室内,19洞控制稿,modern-minimal,无陈设,cam-room-次卧,万相doodle经网关,imagegen模板,正常,,sketch,_iteration/run-2026-09-05-control-sketch/cam-room-次卧/sketch.png,0.2019,0.7947,0.8136,2,1,1.0,1.0,9829,9829,,4.1
_iteration/run-2026-09-05-control-sketch-realism/cam-room-次卧-seed2.png,室内,19洞控制稿,modern-minimal,无陈设,cam-room-次卧,万相doodle经网关,imagegen模板,正常,,line,_iteration/run-2026-09-05-control-sketch/cam-room-次卧/line.png,0.2296,0.3422,0.3648,1,0,1.0,1.0,12722,12722,,5.3
_iteration/run-2026-09-05-control-sketch-realism/cam-room-次卧-seed2.png,室内,19洞控制稿,modern-minimal,无陈设,cam-room-次卧,万相doodle经网关,imagegen模板,正常,,sketch,_iteration/run-2026-09-05-control-sketch/cam-room-次卧/sketch.png,0.1393,0.5015,0.5301,1,1,1.0,1.0,9829,9829,,4.6
_iteration/run-2026-09-05-control-sketch-realism/cam-room-次卧-seed3.png,室内,19洞控制稿,modern-minimal,无陈设,cam-room-次卧,万相doodle经网关,imagegen模板,正常,,line,_iteration/run-2026-09-05-control-sketch/cam-room-次卧/line.png,0.2954,0.4437,0.4801,1,3,1.0,1.0,12722,12722,,5.6
_iteration/run-2026-09-05-control-sketch-realism/cam-room-次卧-seed3.png,室内,19洞控制稿,modern-minimal,无陈设,cam-room-次卧,万相doodle经网关,imagegen模板,正常,,sketch,_iteration/run-2026-09-05-control-sketch/cam-room-次卧/sketch.png,0.2342,0.7177,0.7761,1,2,1.0,1.0,9829,9829,,4.6
_iteration/run-2026-09-05-realism-styles/cam-room-主卧-nordic-light-seed1.png,室内,19洞控制稿,nordic-light,无陈设,cam-room-主卧,万相doodle经网关,imagegen模板,正常,,line,_iteration/run-2026-09-05-control-sketch/cam-room-主卧/line.png,0.0619,0.1464,0.3152,16,1,1.0,1.0,14878,14878,,7.2
_iteration/run-2026-09-05-realism-styles/cam-room-主卧-nordic-light-seed1.png,室内,19洞控制稿,nordic-light,无陈设,cam-room-主卧,万相doodle经网关,imagegen模板,错配,cam-room-客厅,line,_iteration/run-2026-09-05-control-sketch/cam-room-客厅/line.png,0.0106,0.0092,0.0455,23,5,1.0,1.0,24978,24978,,13.9
_iteration/run-2026-09-05-realism-styles/cam-room-主卧-nordic-light-seed1.png,室内,19洞控制稿,nordic-light,无陈设,cam-room-主卧,万相doodle经网关,imagegen模板,转90,,line,_iteration/run-2026-09-05-control-sketch/cam-room-主卧/line.png,0.0299,0.0434,0.0503,-22,23,1.0,1.0,12754,12754,,6.3
_iteration/run-2026-09-05-realism-styles/cam-room-主卧-nordic-light-seed1.png,室内,19洞控制稿,nordic-light,无陈设,cam-room-主卧,万相doodle经网关,imagegen模板,正常,,sketch,_iteration/run-2026-09-05-control-sketch/cam-room-主卧/sketch.png,0.1723,0.2339,0.4608,10,0,1.0,1.0,11028,11028,,4.8
_iteration/run-2026-09-05-realism-styles/cam-room-主卧-nordic-light-seed1.png,室内,19洞控制稿,nordic-light,无陈设,cam-room-主卧,万相doodle经网关,imagegen模板,错配,cam-room-客厅,sketch,_iteration/run-2026-09-05-control-sketch/cam-room-客厅/sketch.png,0.0016,0.004,0.0579,24,9,1.0,1.0,15066,15065,,9.0
_iteration/run-2026-09-05-realism-styles/cam-room-主卧-nordic-light-seed1.png,室内,19洞控制稿,nordic-light,无陈设,cam-room-主卧,万相doodle经网关,imagegen模板,转90,,sketch,_iteration/run-2026-09-05-control-sketch/cam-room-主卧/sketch.png,0.0118,0.0172,0.0274,-22,10,1.0,1.0,9662,9662,,4.4
_iteration/run-2026-09-04-failure-catalogue/万相-室内机位/主卧-nofurn-seed1.png,室内,19洞线稿反色,modern-minimal,无陈设,cam-room-主卧,万相doodle,探针手写,正常,,line(=送模型稿反色),_iteration/run-2026-09-04-failure-catalogue/底渲-室内机位/cam-room-主卧/line.png,0.2714,0.661,0.6896,2,0,1.0,1.0,14357,14357,,6.1
_iteration/run-2026-09-04-failure-catalogue/万相-室内机位/主卧-nofurn-seed1.png,室内,19洞线稿反色,modern-minimal,无陈设,cam-room-主卧,万相doodle,探针手写,错配,cam-room-客厅,line(=送模型稿反色),_iteration/run-2026-09-04-failure-catalogue/底渲-室内机位/cam-room-客厅/line.png,0.0266,0.0395,0.1017,-16,21,1.0,1.0,23711,23711,,11.4
_iteration/run-2026-09-04-failure-catalogue/万相-室内机位/主卧-nofurn-seed1.png,室内,19洞线稿反色,modern-minimal,无陈设,cam-room-主卧,万相doodle,探针手写,转90,,line(=送模型稿反色),_iteration/run-2026-09-04-failure-catalogue/底渲-室内机位/cam-room-主卧/line.png,0.0069,0.0063,0.0134,24,-5,1.0,1.0,12184,12184,,5.9
_iteration/run-2026-09-04-failure-catalogue/万相-室内机位/主卧-nofurn-seed2.png,室内,19洞线稿反色,modern-minimal,无陈设,cam-room-主卧,万相doodle,探针手写,正常,,line(=送模型稿反色),_iteration/run-2026-09-04-failure-catalogue/底渲-室内机位/cam-room-主卧/line.png,0.1424,0.4997,0.5171,1,-1,1.0,1.0,14357,14357,,6.7
_iteration/run-2026-09-04-failure-catalogue/万相-室内机位/主卧-nofurn-seed3.png,室内,19洞线稿反色,modern-minimal,无陈设,cam-room-主卧,万相doodle,探针手写,正常,,line(=送模型稿反色),_iteration/run-2026-09-04-failure-catalogue/底渲-室内机位/cam-room-主卧/line.png,0.231,0.4451,0.548,4,1,1.0,1.0,14357,14357,,6.4
_iteration/run-2026-09-04-failure-catalogue/万相-室内机位/客厅-nofurn-seed1.png,室内,19洞线稿反色,modern-minimal,无陈设,cam-room-客厅,万相doodle,探针手写,正常,,line(=送模型稿反色),_iteration/run-2026-09-04-failure-catalogue/底渲-室内机位/cam-room-客厅/line.png,0.1541,0.4654,0.5906,-6,1,1.0,1.0,23711,23711,,11.8
_iteration/run-2026-09-04-failure-catalogue/万相-室内机位/客厅-nofurn-seed1.png,室内,19洞线稿反色,modern-minimal,无陈设,cam-room-客厅,万相doodle,探针手写,错配,cam-room-主卧,line(=送模型稿反色),_iteration/run-2026-09-04-failure-catalogue/底渲-室内机位/cam-room-主卧/line.png,0.051,0.064,0.1371,18,24,1.0,1.0,14357,14357,,6.8
_iteration/run-2026-09-04-failure-catalogue/万相-室内机位/客厅-nofurn-seed1.png,室内,19洞线稿反色,modern-minimal,无陈设,cam-room-客厅,万相doodle,探针手写,转90,,line(=送模型稿反色),_iteration/run-2026-09-04-failure-catalogue/底渲-室内机位/cam-room-客厅/line.png,0.0061,0.0168,0.0262,17,8,1.0,1.0,20231,20231,,9.5
_iteration/run-2026-09-04-failure-catalogue/万相-室内机位/客厅-nofurn-seed2.png,室内,19洞线稿反色,modern-minimal,无陈设,cam-room-客厅,万相doodle,探针手写,正常,,line(=送模型稿反色),_iteration/run-2026-09-04-failure-catalogue/底渲-室内机位/cam-room-客厅/line.png,0.1716,0.4618,0.4618,0,0,1.0,1.0,23711,23711,,11.8
_iteration/run-2026-09-04-failure-catalogue/万相-室内机位/客厅-nofurn-seed3.png,室内,19洞线稿反色,modern-minimal,无陈设,cam-room-客厅,万相doodle,探针手写,正常,,line(=送模型稿反色),_iteration/run-2026-09-04-failure-catalogue/底渲-室内机位/cam-room-客厅/line.png,0.0739,0.1897,0.5217,20,1,1.0,1.0,23711,23711,,11.7
_iteration/run-2026-09-04-failure-catalogue/万相-室内机位/主卧-default-seed1.png,室内,19洞线稿反色,modern-minimal,默认,cam-room-主卧,万相doodle,探针手写,正常,,line(=送模型稿反色),_iteration/run-2026-09-04-failure-catalogue/底渲-室内机位/cam-room-主卧/line.png,0.2908,0.6856,0.7013,1,0,1.0,1.0,14357,14357,,6.4
_iteration/run-2026-09-04-failure-catalogue/万相-室内机位/主卧-default-seed1.png,室内,19洞线稿反色,modern-minimal,默认,cam-room-主卧,万相doodle,探针手写,错配,cam-room-客厅,line(=送模型稿反色),_iteration/run-2026-09-04-failure-catalogue/底渲-室内机位/cam-room-客厅/line.png,0.0246,0.0392,0.0976,-16,21,1.0,1.0,23711,23711,,12.4
_iteration/run-2026-09-04-failure-catalogue/万相-室内机位/主卧-default-seed1.png,室内,19洞线稿反色,modern-minimal,默认,cam-room-主卧,万相doodle,探针手写,转90,,line(=送模型稿反色),_iteration/run-2026-09-04-failure-catalogue/底渲-室内机位/cam-room-主卧/line.png,0.0086,0.0086,0.0121,5,-3,1.0,1.0,12184,12184,,5.3
_iteration/run-2026-09-04-failure-catalogue/万相-室内机位/客厅-default-seed1.png,室内,19洞线稿反色,modern-minimal,默认,cam-room-客厅,万相doodle,探针手写,正常,,line(=送模型稿反色),_iteration/run-2026-09-04-failure-catalogue/底渲-室内机位/cam-room-客厅/line.png,0.2118,0.6417,0.6494,2,1,1.0,1.0,23711,23711,,12.2
_iteration/run-2026-09-04-failure-catalogue/万相-室内机位/客厅-default-seed1.png,室内,19洞线稿反色,modern-minimal,默认,cam-room-客厅,万相doodle,探针手写,错配,cam-room-主卧,line(=送模型稿反色),_iteration/run-2026-09-04-failure-catalogue/底渲-室内机位/cam-room-主卧/line.png,0.0241,0.0465,0.1816,19,-19,1.0,1.0,14357,14357,,6.8
_iteration/run-2026-09-04-failure-catalogue/万相-室内机位/客厅-default-seed1.png,室内,19洞线稿反色,modern-minimal,默认,cam-room-客厅,万相doodle,探针手写,转90,,line(=送模型稿反色),_iteration/run-2026-09-04-failure-catalogue/底渲-室内机位/cam-room-客厅/line.png,0.0055,0.0177,0.026,24,6,1.0,1.0,20231,20231,,10.2
_iteration/run-2026-09-05-opening-kind-realism/cam-bird-dollhouse-seed1.png,揭顶,16洞控制稿,modern-minimal,无陈设,cam-bird-dollhouse,万相doodle经网关,imagegen模板,正常,,line,_iteration/run-2026-09-05-opening-kind-consume/cam-bird-dollhouse/line.png,0.2407,0.3684,0.3762,1,1,1.0,1.0,22210,22210,,11.0
_iteration/run-2026-09-05-opening-kind-realism/cam-bird-dollhouse-seed1.png,揭顶,16洞控制稿,modern-minimal,无陈设,cam-bird-dollhouse,万相doodle经网关,imagegen模板,错配,cam-room-客厅,line,_iteration/run-2026-09-05-opening-kind-consume/cam-room-客厅/line.png,0.0067,0.0074,0.0166,10,12,1.0,1.0,20604,20604,,10.1
_iteration/run-2026-09-05-opening-kind-realism/cam-bird-dollhouse-seed1.png,揭顶,16洞控制稿,modern-minimal,无陈设,cam-bird-dollhouse,万相doodle经网关,imagegen模板,转90,,line,_iteration/run-2026-09-05-opening-kind-consume/cam-bird-dollhouse/line.png,0.0382,0.0333,0.0468,12,19,1.0,1.0,22210,22210,,10.3
_iteration/run-2026-09-05-opening-kind-realism/cam-bird-dollhouse-seed1.png,揭顶,16洞控制稿,modern-minimal,无陈设,cam-bird-dollhouse,万相doodle经网关,imagegen模板,正常,,sketch,_iteration/run-2026-09-05-opening-kind-consume/cam-bird-dollhouse/sketch.png,0.1623,0.4079,0.4155,1,1,1.0,1.0,19717,19717,,9.6
_iteration/run-2026-09-05-opening-kind-realism/cam-bird-dollhouse-seed1.png,揭顶,16洞控制稿,modern-minimal,无陈设,cam-bird-dollhouse,万相doodle经网关,imagegen模板,错配,cam-room-客厅,sketch,_iteration/run-2026-09-05-opening-kind-consume/cam-room-客厅/sketch.png,0.0078,0.0171,0.0503,24,-2,1.0,1.0,8839,8839,,5.2
_iteration/run-2026-09-05-opening-kind-realism/cam-bird-dollhouse-seed1.png,揭顶,16洞控制稿,modern-minimal,无陈设,cam-bird-dollhouse,万相doodle经网关,imagegen模板,转90,,sketch,_iteration/run-2026-09-05-opening-kind-consume/cam-bird-dollhouse/sketch.png,0.0359,0.0339,0.0457,24,10,1.0,1.0,19717,19717,,10.5
_iteration/run-2026-09-05-opening-kind-realism/cam-bird-dollhouse-seed2.png,揭顶,16洞控制稿,modern-minimal,无陈设,cam-bird-dollhouse,万相doodle经网关,imagegen模板,正常,,line,_iteration/run-2026-09-05-opening-kind-consume/cam-bird-dollhouse/line.png,0.2171,0.3378,0.3429,1,1,1.0,1.0,22210,22210,,11.1
_iteration/run-2026-09-05-opening-kind-realism/cam-bird-dollhouse-seed2.png,揭顶,16洞控制稿,modern-minimal,无陈设,cam-bird-dollhouse,万相doodle经网关,imagegen模板,错配,cam-room-客厅,line,_iteration/run-2026-09-05-opening-kind-consume/cam-room-客厅/line.png,0.01,0.0098,0.0164,16,24,1.0,1.0,20604,20604,,10.2
_iteration/run-2026-09-05-opening-kind-realism/cam-bird-dollhouse-seed2.png,揭顶,16洞控制稿,modern-minimal,无陈设,cam-bird-dollhouse,万相doodle经网关,imagegen模板,转90,,line,_iteration/run-2026-09-05-opening-kind-consume/cam-bird-dollhouse/line.png,0.0307,0.0304,0.0495,21,24,1.0,1.0,22210,22210,,10.7
_iteration/run-2026-09-05-opening-kind-realism/cam-bird-dollhouse-seed2.png,揭顶,16洞控制稿,modern-minimal,无陈设,cam-bird-dollhouse,万相doodle经网关,imagegen模板,正常,,sketch,_iteration/run-2026-09-05-opening-kind-consume/cam-bird-dollhouse/sketch.png,0.1653,0.4025,0.4025,0,0,1.0,1.0,19717,19717,,10.1
_iteration/run-2026-09-05-opening-kind-realism/cam-bird-dollhouse-seed2.png,揭顶,16洞控制稿,modern-minimal,无陈设,cam-bird-dollhouse,万相doodle经网关,imagegen模板,错配,cam-room-客厅,sketch,_iteration/run-2026-09-05-opening-kind-consume/cam-room-客厅/sketch.png,0.0098,0.0182,0.0431,15,14,1.0,1.0,8839,8839,,4.7
_iteration/run-2026-09-05-opening-kind-realism/cam-bird-dollhouse-seed2.png,揭顶,16洞控制稿,modern-minimal,无陈设,cam-bird-dollhouse,万相doodle经网关,imagegen模板,转90,,sketch,_iteration/run-2026-09-05-opening-kind-consume/cam-bird-dollhouse/sketch.png,0.039,0.0329,0.0499,22,24,1.0,1.0,19717,19717,,10.0
_iteration/run-2026-09-05-opening-kind-realism/cam-bird-dollhouse-seed3.png,揭顶,16洞控制稿,modern-minimal,无陈设,cam-bird-dollhouse,万相doodle经网关,imagegen模板,正常,,line,_iteration/run-2026-09-05-opening-kind-consume/cam-bird-dollhouse/line.png,0.243,0.3914,0.4019,1,0,1.0,1.0,22210,22210,,10.6
_iteration/run-2026-09-05-opening-kind-realism/cam-bird-dollhouse-seed3.png,揭顶,16洞控制稿,modern-minimal,无陈设,cam-bird-dollhouse,万相doodle经网关,imagegen模板,正常,,sketch,_iteration/run-2026-09-05-opening-kind-consume/cam-bird-dollhouse/sketch.png,0.1897,0.4508,0.4508,0,0,1.0,1.0,19717,19717,,9.9
_iteration/run-2026-09-02-control-path-survey/万相-doodle/run6-geometry-autosketch-seed12345.png,揭顶,19洞geometry自抽,modern-minimal,默认,cam-bird-dollhouse,万相doodle(is_sketch=false),探针手写,正常,,line(=送模型稿反色),_iteration/真户型-基准/底渲-cam-bird-dollhouse/line.png,0.1543,0.254,0.2615,1,0,1.0,1.0,23022,23022,送的是 geometry.png 让模型自抽线稿，按任务指定对 line.png 量,11.9
_iteration/run-2026-09-02-control-path-survey/万相-doodle/run6-geometry-autosketch-seed12345.png,揭顶,19洞geometry自抽,modern-minimal,默认,cam-bird-dollhouse,万相doodle(is_sketch=false),探针手写,错配,cam-room-客厅,line(=送模型稿反色),_iteration/run-2026-09-04-failure-catalogue/底渲-室内机位/cam-room-客厅/line.png,0.0142,0.0159,0.0202,-9,-24,1.0,1.0,23711,23711,送的是 geometry.png 让模型自抽线稿，按任务指定对 line.png 量,11.6
_iteration/run-2026-09-02-control-path-survey/万相-doodle/run6-geometry-autosketch-seed12345.png,揭顶,19洞geometry自抽,modern-minimal,默认,cam-bird-dollhouse,万相doodle(is_sketch=false),探针手写,转90,,line(=送模型稿反色),_iteration/真户型-基准/底渲-cam-bird-dollhouse/line.png,0.0165,0.0152,0.0314,19,-24,1.0,1.0,23022,23022,送的是 geometry.png 让模型自抽线稿，按任务指定对 line.png 量,10.9
_iteration/run-2026-09-05-realism-styles/cam-bird-dollhouse-cream-warm-seed1.png,揭顶,19洞控制稿,cream-warm,无陈设,cam-bird-dollhouse,万相doodle经网关,imagegen模板,正常,,line,_iteration/run-2026-09-05-control-sketch/cam-bird-dollhouse/line.png,0.1968,0.3195,0.3503,1,1,1.0,1.0,22865,22865,,10.5
_iteration/run-2026-09-05-realism-styles/cam-bird-dollhouse-cream-warm-seed1.png,揭顶,19洞控制稿,cream-warm,无陈设,cam-bird-dollhouse,万相doodle经网关,imagegen模板,错配,cam-room-客厅,line,_iteration/run-2026-09-05-control-sketch/cam-room-客厅/line.png,0.0119,0.0112,0.0201,24,-11,1.0,1.0,24978,24978,,13.7
_iteration/run-2026-09-05-realism-styles/cam-bird-dollhouse-cream-warm-seed1.png,揭顶,19洞控制稿,cream-warm,无陈设,cam-bird-dollhouse,万相doodle经网关,imagegen模板,转90,,line,_iteration/run-2026-09-05-control-sketch/cam-bird-dollhouse/line.png,0.0208,0.0205,0.0285,18,13,1.0,1.0,22865,22865,,11.6
_iteration/run-2026-09-05-realism-styles/cam-bird-dollhouse-cream-warm-seed1.png,揭顶,19洞控制稿,cream-warm,无陈设,cam-bird-dollhouse,万相doodle经网关,imagegen模板,正常,,sketch,_iteration/run-2026-09-05-control-sketch/cam-bird-dollhouse/sketch.png,0.1712,0.4028,0.4379,1,1,1.0,1.0,19328,19328,,9.4
_iteration/run-2026-09-05-realism-styles/cam-bird-dollhouse-cream-warm-seed1.png,揭顶,19洞控制稿,cream-warm,无陈设,cam-bird-dollhouse,万相doodle经网关,imagegen模板,错配,cam-room-客厅,sketch,_iteration/run-2026-09-05-control-sketch/cam-room-客厅/sketch.png,0.0287,0.0205,0.0346,24,-3,1.0,1.0,15066,15065,,7.0
_iteration/run-2026-09-05-realism-styles/cam-bird-dollhouse-cream-warm-seed1.png,揭顶,19洞控制稿,cream-warm,无陈设,cam-bird-dollhouse,万相doodle经网关,imagegen模板,转90,,sketch,_iteration/run-2026-09-05-control-sketch/cam-bird-dollhouse/sketch.png,0.0188,0.0173,0.0286,13,16,1.0,1.0,19328,19328,,10.1
_iteration/run-2026-09-05-control-sketch-realism/cam-bird-dollhouse-seed1.png,揭顶,19洞控制稿,modern-minimal,无陈设,cam-bird-dollhouse,万相doodle经网关,imagegen模板,正常,,line,_iteration/run-2026-09-05-control-sketch/cam-bird-dollhouse/line.png,0.2109,0.3279,0.3567,1,1,1.0,1.0,22865,22865,,10.5
_iteration/run-2026-09-05-control-sketch-realism/cam-bird-dollhouse-seed1.png,揭顶,19洞控制稿,modern-minimal,无陈设,cam-bird-dollhouse,万相doodle经网关,imagegen模板,错配,cam-room-客厅,line,_iteration/run-2026-09-05-control-sketch/cam-room-客厅/line.png,0.0111,0.0099,0.0169,-13,14,1.0,1.0,24978,24978,,13.2
_iteration/run-2026-09-05-control-sketch-realism/cam-bird-dollhouse-seed1.png,揭顶,19洞控制稿,modern-minimal,无陈设,cam-bird-dollhouse,万相doodle经网关,imagegen模板,转90,,line,_iteration/run-2026-09-05-control-sketch/cam-bird-dollhouse/line.png,0.0258,0.0225,0.0335,24,24,1.0,1.0,22865,22865,,10.7
_iteration/run-2026-09-05-control-sketch-realism/cam-bird-dollhouse-seed1.png,揭顶,19洞控制稿,modern-minimal,无陈设,cam-bird-dollhouse,万相doodle经网关,imagegen模板,正常,,sketch,_iteration/run-2026-09-05-control-sketch/cam-bird-dollhouse/sketch.png,0.1639,0.3948,0.4262,1,1,1.0,1.0,19328,19328,,9.2
_iteration/run-2026-09-05-control-sketch-realism/cam-bird-dollhouse-seed1.png,揭顶,19洞控制稿,modern-minimal,无陈设,cam-bird-dollhouse,万相doodle经网关,imagegen模板,错配,cam-room-客厅,sketch,_iteration/run-2026-09-05-control-sketch/cam-room-客厅/sketch.png,0.0171,0.0165,0.0321,24,-24,1.0,1.0,15066,15065,,7.3
_iteration/run-2026-09-05-control-sketch-realism/cam-bird-dollhouse-seed1.png,揭顶,19洞控制稿,modern-minimal,无陈设,cam-bird-dollhouse,万相doodle经网关,imagegen模板,转90,,sketch,_iteration/run-2026-09-05-control-sketch/cam-bird-dollhouse/sketch.png,0.0255,0.0221,0.0319,24,24,1.0,1.0,19328,19328,,10.4
_iteration/run-2026-09-05-control-sketch-realism/cam-bird-dollhouse-seed2.png,揭顶,19洞控制稿,modern-minimal,无陈设,cam-bird-dollhouse,万相doodle经网关,imagegen模板,正常,,line,_iteration/run-2026-09-05-control-sketch/cam-bird-dollhouse/line.png,0.21,0.3254,0.3269,1,1,1.0,1.0,22865,22865,,10.6
_iteration/run-2026-09-05-control-sketch-realism/cam-bird-dollhouse-seed2.png,揭顶,19洞控制稿,modern-minimal,无陈设,cam-bird-dollhouse,万相doodle经网关,imagegen模板,错配,cam-room-客厅,line,_iteration/run-2026-09-05-control-sketch/cam-room-客厅/line.png,0.023,0.0228,0.0263,-8,13,1.0,1.0,24978,24978,,13.3
_iteration/run-2026-09-05-control-sketch-realism/cam-bird-dollhouse-seed2.png,揭顶,19洞控制稿,modern-minimal,无陈设,cam-bird-dollhouse,万相doodle经网关,imagegen模板,转90,,line,_iteration/run-2026-09-05-control-sketch/cam-bird-dollhouse/line.png,0.0337,0.0356,0.0474,12,16,1.0,1.0,22865,22865,,10.5
_iteration/run-2026-09-05-control-sketch-realism/cam-bird-dollhouse-seed2.png,揭顶,19洞控制稿,modern-minimal,无陈设,cam-bird-dollhouse,万相doodle经网关,imagegen模板,正常,,sketch,_iteration/run-2026-09-05-control-sketch/cam-bird-dollhouse/sketch.png,0.1713,0.4112,0.4112,0,0,1.0,1.0,19328,19328,,9.1
_iteration/run-2026-09-05-control-sketch-realism/cam-bird-dollhouse-seed2.png,揭顶,19洞控制稿,modern-minimal,无陈设,cam-bird-dollhouse,万相doodle经网关,imagegen模板,错配,cam-room-客厅,sketch,_iteration/run-2026-09-05-control-sketch/cam-room-客厅/sketch.png,0.0369,0.0356,0.0396,1,-15,1.0,1.0,15066,15065,,7.3
_iteration/run-2026-09-05-control-sketch-realism/cam-bird-dollhouse-seed2.png,揭顶,19洞控制稿,modern-minimal,无陈设,cam-bird-dollhouse,万相doodle经网关,imagegen模板,转90,,sketch,_iteration/run-2026-09-05-control-sketch/cam-bird-dollhouse/sketch.png,0.0379,0.0375,0.0479,2,22,1.0,1.0,19328,19328,,10.3
_iteration/run-2026-09-05-control-sketch-realism/cam-bird-dollhouse-seed3.png,揭顶,19洞控制稿,modern-minimal,无陈设,cam-bird-dollhouse,万相doodle经网关,imagegen模板,正常,,line,_iteration/run-2026-09-05-control-sketch/cam-bird-dollhouse/line.png,0.2373,0.3681,0.3735,1,1,1.0,1.0,22865,22865,,10.8
_iteration/run-2026-09-05-control-sketch-realism/cam-bird-dollhouse-seed3.png,揭顶,19洞控制稿,modern-minimal,无陈设,cam-bird-dollhouse,万相doodle经网关,imagegen模板,正常,,sketch,_iteration/run-2026-09-05-control-sketch/cam-bird-dollhouse/sketch.png,0.1861,0.4449,0.4449,0,0,1.0,1.0,19328,19328,,9.4
_iteration/run-2026-09-05-realism-styles/cam-bird-dollhouse-nordic-light-seed1.png,揭顶,19洞控制稿,nordic-light,无陈设,cam-bird-dollhouse,万相doodle经网关,imagegen模板,正常,,line,_iteration/run-2026-09-05-control-sketch/cam-bird-dollhouse/line.png,0.2197,0.3286,0.3454,1,1,1.0,1.0,22865,22865,,11.0
_iteration/run-2026-09-05-realism-styles/cam-bird-dollhouse-nordic-light-seed1.png,揭顶,19洞控制稿,nordic-light,无陈设,cam-bird-dollhouse,万相doodle经网关,imagegen模板,错配,cam-room-客厅,line,_iteration/run-2026-09-05-control-sketch/cam-room-客厅/line.png,0.0101,0.0083,0.0135,24,-24,1.0,1.0,24978,24978,,12.4
_iteration/run-2026-09-05-realism-styles/cam-bird-dollhouse-nordic-light-seed1.png,揭顶,19洞控制稿,nordic-light,无陈设,cam-bird-dollhouse,万相doodle经网关,imagegen模板,转90,,line,_iteration/run-2026-09-05-control-sketch/cam-bird-dollhouse/line.png,0.0195,0.0153,0.0274,13,15,1.0,1.0,22865,22865,,10.7
_iteration/run-2026-09-05-realism-styles/cam-bird-dollhouse-nordic-light-seed1.png,揭顶,19洞控制稿,nordic-light,无陈设,cam-bird-dollhouse,万相doodle经网关,imagegen模板,正常,,sketch,_iteration/run-2026-09-05-control-sketch/cam-bird-dollhouse/sketch.png,0.1654,0.386,0.4013,1,1,1.0,1.0,19328,19328,,9.3
_iteration/run-2026-09-05-realism-styles/cam-bird-dollhouse-nordic-light-seed1.png,揭顶,19洞控制稿,nordic-light,无陈设,cam-bird-dollhouse,万相doodle经网关,imagegen模板,错配,cam-room-客厅,sketch,_iteration/run-2026-09-05-control-sketch/cam-room-客厅/sketch.png,0.0183,0.0123,0.0275,24,-23,1.0,1.0,15066,15065,,7.2
_iteration/run-2026-09-05-realism-styles/cam-bird-dollhouse-nordic-light-seed1.png,揭顶,19洞控制稿,nordic-light,无陈设,cam-bird-dollhouse,万相doodle经网关,imagegen模板,转90,,sketch,_iteration/run-2026-09-05-control-sketch/cam-bird-dollhouse/sketch.png,0.0206,0.0162,0.0284,24,23,1.0,1.0,19328,19328,,9.8
_iteration/run-2026-09-05-realism-styles/cam-bird-dollhouse-nordic-light-seed2.png,揭顶,19洞控制稿,nordic-light,无陈设,cam-bird-dollhouse,万相doodle经网关,imagegen模板,正常,,line,_iteration/run-2026-09-05-control-sketch/cam-bird-dollhouse/line.png,0.2126,0.3176,0.3261,1,0,1.0,1.0,22865,22865,,11.2
_iteration/run-2026-09-05-realism-styles/cam-bird-dollhouse-nordic-light-seed2.png,揭顶,19洞控制稿,nordic-light,无陈设,cam-bird-dollhouse,万相doodle经网关,imagegen模板,错配,cam-room-客厅,line,_iteration/run-2026-09-05-control-sketch/cam-room-客厅/line.png,0.0155,0.0169,0.0193,1,-23,1.0,1.0,24978,24978,,12.3
_iteration/run-2026-09-05-realism-styles/cam-bird-dollhouse-nordic-light-seed2.png,揭顶,19洞控制稿,nordic-light,无陈设,cam-bird-dollhouse,万相doodle经网关,imagegen模板,转90,,line,_iteration/run-2026-09-05-control-sketch/cam-bird-dollhouse/line.png,0.0266,0.0283,0.0461,9,17,1.0,1.0,22865,22865,,10.5
_iteration/run-2026-09-05-realism-styles/cam-bird-dollhouse-nordic-light-seed2.png,揭顶,19洞控制稿,nordic-light,无陈设,cam-bird-dollhouse,万相doodle经网关,imagegen模板,正常,,sketch,_iteration/run-2026-09-05-control-sketch/cam-bird-dollhouse/sketch.png,0.1774,0.4066,0.4066,0,0,1.0,1.0,19328,19328,,9.4
_iteration/run-2026-09-05-realism-styles/cam-bird-dollhouse-nordic-light-seed2.png,揭顶,19洞控制稿,nordic-light,无陈设,cam-bird-dollhouse,万相doodle经网关,imagegen模板,错配,cam-room-客厅,sketch,_iteration/run-2026-09-05-control-sketch/cam-room-客厅/sketch.png,0.0269,0.0274,0.0362,2,-19,1.0,1.0,15066,15065,,7.0
_iteration/run-2026-09-05-realism-styles/cam-bird-dollhouse-nordic-light-seed2.png,揭顶,19洞控制稿,nordic-light,无陈设,cam-bird-dollhouse,万相doodle经网关,imagegen模板,转90,,sketch,_iteration/run-2026-09-05-control-sketch/cam-bird-dollhouse/sketch.png,0.0314,0.0319,0.0498,-1,24,1.0,1.0,19328,19328,,9.4
_iteration/run-2026-09-02-control-path-survey/Seedream-5.0-lite-对照/lite-run1.png,揭顶,19洞线稿(参考图通路),modern-minimal,默认,cam-bird-dollhouse,Seedream-5.0-lite参考图,探针手写,正常,,line(=送模型稿反色),_iteration/真户型-基准/底渲-cam-bird-dollhouse/line.png,0.1658,0.2737,0.2737,0,0,1.0,1.0,23022,23022,参考图通路对照组；出图 2304×1728,11.4
_iteration/run-2026-09-02-control-path-survey/Seedream-5.0-lite-对照/lite-run1.png,揭顶,19洞线稿(参考图通路),modern-minimal,默认,cam-bird-dollhouse,Seedream-5.0-lite参考图,探针手写,错配,cam-room-客厅,line(=送模型稿反色),_iteration/run-2026-09-04-failure-catalogue/底渲-室内机位/cam-room-客厅/line.png,0.0294,0.0283,0.0306,-17,-1,1.0,1.0,23711,23711,参考图通路对照组；出图 2304×1728,11.9
_iteration/run-2026-09-02-control-path-survey/Seedream-5.0-lite-对照/lite-run1.png,揭顶,19洞线稿(参考图通路),modern-minimal,默认,cam-bird-dollhouse,Seedream-5.0-lite参考图,探针手写,转90,,line(=送模型稿反色),_iteration/真户型-基准/底渲-cam-bird-dollhouse/line.png,0.0414,0.0394,0.0486,-18,16,1.0,1.0,23022,23022,参考图通路对照组；出图 2304×1728,11.5
_iteration/run-2026-09-02-control-path-survey/Seedream-5.0-lite-对照/lite-run2.png,揭顶,19洞线稿(参考图通路),modern-minimal,默认,cam-bird-dollhouse,Seedream-5.0-lite参考图,探针手写,正常,,line(=送模型稿反色),_iteration/真户型-基准/底渲-cam-bird-dollhouse/line.png,0.1122,0.1741,0.3352,-4,0,1.0,1.0,23022,23022,参考图通路对照组；出图 2304×1728,11.3
_iteration/run-2026-09-02-control-path-survey/Seedream-5.0-lite-对照/lite-run2.png,揭顶,19洞线稿(参考图通路),modern-minimal,默认,cam-bird-dollhouse,Seedream-5.0-lite参考图,探针手写,错配,cam-room-客厅,line(=送模型稿反色),_iteration/run-2026-09-04-failure-catalogue/底渲-室内机位/cam-room-客厅/line.png,0.0217,0.015,0.0262,-23,18,1.0,1.0,23711,23711,参考图通路对照组；出图 2304×1728,12.3
_iteration/run-2026-09-02-control-path-survey/Seedream-5.0-lite-对照/lite-run2.png,揭顶,19洞线稿(参考图通路),modern-minimal,默认,cam-bird-dollhouse,Seedream-5.0-lite参考图,探针手写,转90,,line(=送模型稿反色),_iteration/真户型-基准/底渲-cam-bird-dollhouse/line.png,0.02,0.0164,0.0328,23,-11,1.0,1.0,23022,23022,参考图通路对照组；出图 2304×1728,11.3
_iteration/run-2026-09-02-control-path-survey/Seedream-5.0-lite-对照/lite-run3.png,揭顶,19洞线稿(参考图通路),modern-minimal,默认,cam-bird-dollhouse,Seedream-5.0-lite参考图,探针手写,正常,,line(=送模型稿反色),_iteration/真户型-基准/底渲-cam-bird-dollhouse/line.png,0.1168,0.1833,0.2515,-3,2,1.0,1.0,23022,23022,参考图通路对照组；出图 2304×1728,10.9
_iteration/run-2026-09-04-failure-catalogue/万相-揭顶-无陈设/bird-nofurn-seed1.png,揭顶,19洞线稿反色,modern-minimal,无陈设,cam-bird-dollhouse,万相doodle,探针手写,正常,,line(=送模型稿反色),_iteration/真户型-基准/底渲-cam-bird-dollhouse/line.png,0.2695,0.4201,0.4258,1,1,1.0,1.0,23022,23022,,10.8
_iteration/run-2026-09-04-failure-catalogue/万相-揭顶-无陈设/bird-nofurn-seed1.png,揭顶,19洞线稿反色,modern-minimal,无陈设,cam-bird-dollhouse,万相doodle,探针手写,错配,cam-room-客厅,line(=送模型稿反色),_iteration/run-2026-09-04-failure-catalogue/底渲-室内机位/cam-room-客厅/line.png,0.0177,0.0144,0.0231,-16,-6,1.0,1.0,23711,23711,,12.1
_iteration/run-2026-09-04-failure-catalogue/万相-揭顶-无陈设/bird-nofurn-seed1.png,揭顶,19洞线稿反色,modern-minimal,无陈设,cam-bird-dollhouse,万相doodle,探针手写,转90,,line(=送模型稿反色),_iteration/真户型-基准/底渲-cam-bird-dollhouse/line.png,0.0279,0.0252,0.0456,13,16,1.0,1.0,23022,23022,,11.7
_iteration/run-2026-09-04-failure-catalogue/万相-揭顶-无陈设/bird-nofurn-seed2.png,揭顶,19洞线稿反色,modern-minimal,无陈设,cam-bird-dollhouse,万相doodle,探针手写,正常,,line(=送模型稿反色),_iteration/真户型-基准/底渲-cam-bird-dollhouse/line.png,0.2335,0.368,0.3919,0,1,1.0,1.0,23022,23022,,10.6
_iteration/run-2026-09-04-failure-catalogue/万相-揭顶-无陈设/bird-nofurn-seed2.png,揭顶,19洞线稿反色,modern-minimal,无陈设,cam-bird-dollhouse,万相doodle,探针手写,错配,cam-room-客厅,line(=送模型稿反色),_iteration/run-2026-09-04-failure-catalogue/底渲-室内机位/cam-room-客厅/line.png,0.0167,0.0162,0.0272,-16,-2,1.0,1.0,23711,23711,,11.6
_iteration/run-2026-09-04-failure-catalogue/万相-揭顶-无陈设/bird-nofurn-seed2.png,揭顶,19洞线稿反色,modern-minimal,无陈设,cam-bird-dollhouse,万相doodle,探针手写,转90,,line(=送模型稿反色),_iteration/真户型-基准/底渲-cam-bird-dollhouse/line.png,0.023,0.023,0.0414,5,21,1.0,1.0,23022,23022,,11.6
_iteration/run-2026-09-02-control-path-survey/万相-doodle/run1-seed12345.png,揭顶,19洞线稿反色,modern-minimal,默认,cam-bird-dollhouse,万相doodle,探针手写,正常,,line(=送模型稿反色),_iteration/真户型-基准/底渲-cam-bird-dollhouse/line.png,0.2396,0.4067,0.4067,0,0,1.0,1.0,23022,23022,,12.3
_iteration/run-2026-09-02-control-path-survey/万相-doodle/run1-seed12345.png,揭顶,19洞线稿反色,modern-minimal,默认,cam-bird-dollhouse,万相doodle,探针手写,错配,cam-room-客厅,line(=送模型稿反色),_iteration/run-2026-09-04-failure-catalogue/底渲-室内机位/cam-room-客厅/line.png,0.0091,0.0095,0.0194,-17,-11,1.0,1.0,23711,23711,,11.6
_iteration/run-2026-09-02-control-path-survey/万相-doodle/run1-seed12345.png,揭顶,19洞线稿反色,modern-minimal,默认,cam-bird-dollhouse,万相doodle,探针手写,转90,,line(=送模型稿反色),_iteration/真户型-基准/底渲-cam-bird-dollhouse/line.png,0.0162,0.0132,0.0208,24,8,1.0,1.0,23022,23022,,10.7
_iteration/run-2026-09-02-control-path-survey/万相-doodle/run2-seed12345-repeat.png,揭顶,19洞线稿反色,modern-minimal,默认,cam-bird-dollhouse,万相doodle,探针手写,正常,,line(=送模型稿反色),_iteration/真户型-基准/底渲-cam-bird-dollhouse/line.png,0.2396,0.4067,0.4067,0,0,1.0,1.0,23022,23022,与 run1 逐像素相同（同 seed 复跑）,11.9
_iteration/run-2026-09-02-control-path-survey/万相-doodle/run4-seed1001.png,揭顶,19洞线稿反色,modern-minimal,默认,cam-bird-dollhouse,万相doodle,探针手写,正常,,line(=送模型稿反色),_iteration/真户型-基准/底渲-cam-bird-dollhouse/line.png,0.2376,0.3929,0.3929,0,0,1.0,1.0,23022,23022,,12.0
_iteration/run-2026-09-02-control-path-survey/万相-doodle/run4-seed1001.png,揭顶,19洞线稿反色,modern-minimal,默认,cam-bird-dollhouse,万相doodle,探针手写,错配,cam-room-客厅,line(=送模型稿反色),_iteration/run-2026-09-04-failure-catalogue/底渲-室内机位/cam-room-客厅/line.png,0.011,0.0141,0.021,-18,3,1.0,1.0,23711,23711,,11.2
_iteration/run-2026-09-02-control-path-survey/万相-doodle/run4-seed1001.png,揭顶,19洞线稿反色,modern-minimal,默认,cam-bird-dollhouse,万相doodle,探针手写,转90,,line(=送模型稿反色),_iteration/真户型-基准/底渲-cam-bird-dollhouse/line.png,0.0147,0.0125,0.0222,19,10,1.0,1.0,23022,23022,,10.4
_iteration/run-2026-09-02-control-path-survey/万相-doodle/run5-seed1002.png,揭顶,19洞线稿反色,modern-minimal,默认,cam-bird-dollhouse,万相doodle,探针手写,正常,,line(=送模型稿反色),_iteration/真户型-基准/底渲-cam-bird-dollhouse/line.png,0.2417,0.4075,0.4109,-1,0,1.0,1.0,23022,23022,,12.0
_iteration/真户型-基准/底渲-cam-bird-dollhouse/geometry.png,揭顶,19洞线稿反色,—,—,cam-bird-dollhouse,底渲(非模型),—,核对,,line,_iteration/真户型-基准/底渲-cam-bird-dollhouse/line.png,0.0607,0.0675,0.069,0,1,1.0,1.0,23022,23022,核对用：几何全对的底渲自量，不进分布,6.9
